restaurant_id,restaurant_name,city,cuisines,avg_cost_for_two,has_table_booking,has_online_delivery,aggregate_rating,votes,price_range,rating_category,cost_tier,is_popular
1,Restaurant_1,Pune,Mughlai,1500.0,0,1,3.0,8611,3,Average,Luxury,1
2,Restaurant_2,Hyderabad,North Indian,600.0,1,0,3.8,593,3,Good,Mid Range,0
3,Restaurant_3,Ahmedabad,North Indian,800.0,1,1,4.5,1774,3,Very Good,Premium,0
4,Restaurant_4,Chennai,Italian,800.0,1,0,3.5,935,3,Average,Premium,0
5,Restaurant_5,Pune,Mughlai,800.0,1,0,3.8,3808,2,Good,Premium,0
6,Restaurant_6,Lucknow,Biryani,800.0,0,1,3.8,331,2,Good,Premium,0
7,Restaurant_7,Bangalore,Chinese,400.0,1,1,3.8,7922,4,Good,Mid Range,1
8,Restaurant_8,Pune,North Indian,2000.0,1,1,4.0,2702,2,Good,Luxury,0
9,Restaurant_9,Ahmedabad,Italian,400.0,1,1,4.5,5889,4,Very Good,Mid Range,0
10,Restaurant_10,Chennai,Mughlai,600.0,1,1,3.5,5054,1,Average,Mid Range,0
11,Restaurant_11,Hyderabad,Chinese,200.0,0,1,3.0,3868,3,Average,Budget,0
12,Restaurant_12,Ahmedabad,Mughlai,2000.0,1,0,3.5,4200,3,Average,Luxury,0
13,Restaurant_13,Ahmedabad,Pizza,800.0,0,0,4.2,201,4,Very Good,Premium,0
14,Restaurant_14,Bangalore,Italian,800.0,1,0,4.0,2497,2,Good,Premium,0
15,Restaurant_15,Kolkata,Chinese,200.0,1,1,3.5,1842,3,Average,Budget,0
16,Restaurant_16,Chennai,Fast Food,1000.0,0,0,4.2,9101,2,Very Good,Premium,1
17,Restaurant_17,Mumbai,Fast Food,400.0,1,0,4.2,4658,1,Very Good,Mid Range,0
18,Restaurant_18,Ahmedabad,Chinese,1500.0,0,0,4.2,7544,3,Very Good,Luxury,1
19,Restaurant_19,Kolkata,Mughlai,600.0,0,0,4.5,7718,3,Very Good,Mid Range,1
20,Restaurant_20,Delhi,Italian,400.0,1,0,3.5,770,4,Average,Mid Range,0
21,Restaurant_21,Chennai,Fast Food,600.0,0,1,4.2,3155,2,Very Good,Mid Range,0
22,Restaurant_22,Mumbai,Italian,600.0,0,1,3.8,1628,2,Good,Mid Range,0
23,Restaurant_23,Lucknow,Fast Food,800.0,0,0,4.2,386,1,Very Good,Premium,0
24,Restaurant_24,Kolkata,Pizza,200.0,0,0,4.0,6031,2,Good,Budget,0
25,Restaurant_25,Jaipur,Mughlai,1000.0,0,0,4.2,6439,2,Very Good,Premium,0
26,Restaurant_26,Mumbai,Pizza,600.0,0,1,4.0,6401,3,Good,Mid Range,0
27,Restaurant_27,Lucknow,Fast Food,800.0,0,1,3.5,4008,2,Average,Premium,0
28,Restaurant_28,Bangalore,Pizza,600.0,0,0,4.0,2466,4,Good,Mid Range,0
29,Restaurant_29,Pune,Fast Food,600.0,1,1,4.8,2282,4,Excellent,Mid Range,0
30,Restaurant_30,Hyderabad,Chinese,800.0,1,1,4.5,1856,3,Very Good,Premium,0
31,Restaurant_31,Jaipur,Pizza,400.0,0,0,4.0,7980,4,Good,Mid Range,1
32,Restaurant_32,Bangalore,South Indian,400.0,1,1,3.5,1998,3,Average,Mid Range,0
33,Restaurant_33,Chennai,Mughlai,1500.0,0,1,3.0,5476,2,Average,Luxury,0
34,Restaurant_34,Bangalore,North Indian,1500.0,0,0,4.0,9428,1,Good,Luxury,1
35,Restaurant_35,Pune,Biryani,600.0,1,1,4.2,4669,2,Very Good,Mid Range,0
36,Restaurant_36,Chennai,Pizza,600.0,0,1,3.5,9342,2,Average,Mid Range,1
37,Restaurant_37,Jaipur,Continental,800.0,0,0,4.0,4318,3,Good,Premium,0
38,Restaurant_38,Pune,Mughlai,600.0,0,1,4.2,7064,2,Very Good,Mid Range,0
39,Restaurant_39,Delhi,South Indian,800.0,0,1,4.0,7446,3,Good,Premium,1
40,Restaurant_40,Hyderabad,South Indian,400.0,1,0,4.0,1431,3,Good,Mid Range,0
41,Restaurant_41,Jaipur,Fast Food,1000.0,0,0,4.0,5624,1,Good,Premium,0
42,Restaurant_42,Delhi,Fast Food,800.0,0,0,4.0,7461,4,Good,Premium,1
43,Restaurant_43,Lucknow,Biryani,800.0,0,1,3.5,1819,2,Average,Premium,0
44,Restaurant_44,Jaipur,Chinese,400.0,1,0,4.0,1130,2,Good,Mid Range,0
45,Restaurant_45,Lucknow,Continental,400.0,0,1,4.0,6563,3,Good,Mid Range,0
46,Restaurant_46,Chennai,North Indian,800.0,1,0,4.2,2658,1,Very Good,Premium,0
47,Restaurant_47,Delhi,Biryani,800.0,1,1,4.0,3500,3,Good,Premium,0
48,Restaurant_48,Hyderabad,Italian,400.0,0,0,3.8,8566,2,Good,Mid Range,1
49,Restaurant_49,Pune,North Indian,1000.0,0,0,3.5,2120,2,Average,Premium,0
50,Restaurant_50,Ahmedabad,Pizza,400.0,1,0,3.8,4020,4,Good,Mid Range,0
51,Restaurant_51,Bangalore,Mughlai,800.0,0,0,3.8,3259,2,Good,Premium,0
52,Restaurant_52,Mumbai,Italian,400.0,1,1,3.5,1823,2,Average,Mid Range,0
53,Restaurant_53,Hyderabad,Italian,200.0,1,0,4.0,1474,2,Good,Budget,0
54,Restaurant_54,Delhi,Biryani,400.0,0,0,4.8,2242,4,Excellent,Mid Range,0
55,Restaurant_55,Ahmedabad,Chinese,1000.0,0,1,3.0,3243,1,Average,Premium,0
56,Restaurant_56,Hyderabad,Biryani,1500.0,1,0,3.8,6990,2,Good,Luxury,0
57,Restaurant_57,Delhi,Pizza,1000.0,1,1,4.2,5160,1,Very Good,Premium,0
58,Restaurant_58,Kolkata,Chinese,600.0,1,0,3.5,3134,1,Average,Mid Range,0
59,Restaurant_59,Kolkata,Pizza,800.0,1,0,4.0,2070,3,Good,Premium,0
60,Restaurant_60,Lucknow,Chinese,400.0,0,0,4.0,359,3,Good,Mid Range,0
61,Restaurant_61,Hyderabad,South Indian,600.0,0,1,4.0,1141,2,Good,Mid Range,0
62,Restaurant_62,Kolkata,Italian,1500.0,0,0,3.5,1635,3,Average,Luxury,0
63,Restaurant_63,Delhi,Continental,800.0,0,0,3.8,4000,2,Good,Premium,0
64,Restaurant_64,Lucknow,Mughlai,200.0,0,0,4.2,3361,4,Very Good,Budget,0
65,Restaurant_65,Delhi,Pizza,400.0,1,1,4.0,6583,4,Good,Mid Range,0
66,Restaurant_66,Lucknow,North Indian,800.0,0,1,3.8,7835,2,Good,Premium,1
67,Restaurant_67,Hyderabad,Chinese,400.0,0,0,4.2,6,3,Very Good,Mid Range,0
68,Restaurant_68,Ahmedabad,Mughlai,800.0,0,1,3.8,3267,3,Good,Premium,0
69,Restaurant_69,Pune,North Indian,600.0,0,0,4.0,6564,2,Good,Mid Range,0
70,Restaurant_70,Jaipur,Mughlai,1500.0,0,0,3.5,9783,2,Average,Luxury,1
71,Restaurant_71,Mumbai,Continental,1000.0,1,0,4.5,4928,2,Very Good,Premium,0
72,Restaurant_72,Chennai,North Indian,600.0,1,0,3.8,2606,3,Good,Mid Range,0
73,Restaurant_73,Delhi,Biryani,600.0,1,0,3.8,5906,4,Good,Mid Range,0
74,Restaurant_74,Chennai,Fast Food,600.0,0,0,3.0,3273,3,Average,Mid Range,0
75,Restaurant_75,Ahmedabad,Biryani,800.0,1,0,3.8,7611,3,Good,Premium,1
76,Restaurant_76,Lucknow,Fast Food,600.0,1,1,4.2,913,3,Very Good,Mid Range,0
77,Restaurant_77,Jaipur,Biryani,800.0,0,1,4.8,2011,3,Excellent,Premium,0
78,Restaurant_78,Jaipur,Fast Food,600.0,0,1,3.8,1442,3,Good,Mid Range,0
79,Restaurant_79,Mumbai,Fast Food,800.0,0,1,3.8,5546,2,Good,Premium,0
80,Restaurant_80,Jaipur,Italian,600.0,1,1,4.0,1829,2,Good,Mid Range,0
81,Restaurant_81,Pune,Chinese,600.0,1,1,4.2,8767,3,Very Good,Mid Range,1
82,Restaurant_82,Jaipur,Chinese,1500.0,0,1,4.0,6468,1,Good,Luxury,0
83,Restaurant_83,Ahmedabad,Italian,1000.0,0,0,3.8,929,3,Good,Premium,0
84,Restaurant_84,Mumbai,Mughlai,400.0,1,0,3.8,3699,1,Good,Mid Range,0
85,Restaurant_85,Ahmedabad,South Indian,1500.0,1,0,4.0,9655,2,Good,Luxury,1
86,Restaurant_86,Ahmedabad,Mughlai,600.0,0,0,3.8,1054,3,Good,Mid Range,0
87,Restaurant_87,Bangalore,North Indian,1500.0,0,1,4.0,5744,2,Good,Luxury,0
88,Restaurant_88,Mumbai,North Indian,1000.0,1,1,3.8,1900,2,Good,Premium,0
89,Restaurant_89,Ahmedabad,Fast Food,600.0,0,0,4.2,9649,2,Very Good,Mid Range,1
90,Restaurant_90,Bangalore,Biryani,800.0,1,0,3.0,6980,3,Average,Premium,0
91,Restaurant_91,Bangalore,Biryani,600.0,1,1,4.0,7069,1,Good,Mid Range,0
92,Restaurant_92,Mumbai,Chinese,800.0,1,0,3.8,9591,4,Good,Premium,1
93,Restaurant_93,Chennai,Pizza,600.0,1,0,4.0,3415,1,Good,Mid Range,0
94,Restaurant_94,Lucknow,Mughlai,600.0,0,0,2.5,442,4,Poor,Mid Range,0
95,Restaurant_95,Pune,Continental,400.0,0,0,4.0,6218,4,Good,Mid Range,0
96,Restaurant_96,Lucknow,Biryani,1000.0,1,1,4.0,4652,2,Good,Premium,0
97,Restaurant_97,Jaipur,Continental,2000.0,1,0,4.0,7939,2,Good,Luxury,1
98,Restaurant_98,Pune,Fast Food,800.0,1,0,4.0,7833,2,Good,Premium,1
99,Restaurant_99,Jaipur,Continental,400.0,1,1,4.0,9370,3,Good,Mid Range,1
100,Restaurant_100,Ahmedabad,Italian,600.0,1,1,4.2,7597,1,Very Good,Mid Range,1
101,Restaurant_101,Delhi,Continental,800.0,0,0,3.5,4458,1,Average,Premium,0
102,Restaurant_102,Mumbai,South Indian,1500.0,0,1,4.2,6591,1,Very Good,Luxury,0
103,Restaurant_103,Pune,Fast Food,400.0,0,0,3.8,9449,2,Good,Mid Range,1
104,Restaurant_104,Pune,Mughlai,800.0,0,0,2.5,2309,2,Poor,Premium,0
105,Restaurant_105,Ahmedabad,Italian,600.0,1,1,2.5,6268,3,Poor,Mid Range,0
106,Restaurant_106,Chennai,Biryani,800.0,1,0,3.8,910,4,Good,Premium,0
107,Restaurant_107,Bangalore,North Indian,800.0,1,0,4.2,4340,2,Very Good,Premium,0
108,Restaurant_108,Ahmedabad,Mughlai,1000.0,1,0,4.0,4009,2,Good,Premium,0
109,Restaurant_109,Kolkata,North Indian,400.0,1,0,4.2,6628,2,Very Good,Mid Range,0
110,Restaurant_110,Bangalore,Fast Food,800.0,0,1,4.0,2169,3,Good,Premium,0
111,Restaurant_111,Mumbai,Italian,400.0,1,1,3.8,2172,4,Good,Mid Range,0
112,Restaurant_112,Bangalore,Chinese,1500.0,0,0,3.0,5668,3,Average,Luxury,0
113,Restaurant_113,Chennai,Biryani,1500.0,0,1,3.8,6313,4,Good,Luxury,0
114,Restaurant_114,Bangalore,South Indian,800.0,0,0,3.8,8315,1,Good,Premium,1
115,Restaurant_115,Mumbai,Chinese,800.0,0,0,3.0,8036,3,Average,Premium,1
116,Restaurant_116,Chennai,Fast Food,800.0,1,0,3.5,6789,3,Average,Premium,0
117,Restaurant_117,Lucknow,Mughlai,400.0,0,0,4.0,785,2,Good,Mid Range,0
118,Restaurant_118,Pune,South Indian,1500.0,0,0,4.0,6139,4,Good,Luxury,0
119,Restaurant_119,Pune,Continental,600.0,0,1,4.8,6344,1,Excellent,Mid Range,0
120,Restaurant_120,Jaipur,South Indian,600.0,1,0,4.5,2416,3,Very Good,Mid Range,0
121,Restaurant_121,Lucknow,Fast Food,800.0,1,1,4.0,8988,2,Good,Premium,1
122,Restaurant_122,Lucknow,Pizza,800.0,1,1,3.8,4154,2,Good,Premium,0
123,Restaurant_123,Bangalore,Continental,400.0,0,0,4.0,5619,3,Good,Mid Range,0
124,Restaurant_124,Pune,North Indian,1000.0,0,0,4.2,1936,2,Very Good,Premium,0
125,Restaurant_125,Mumbai,Biryani,200.0,1,0,3.0,3807,2,Average,Budget,0
126,Restaurant_126,Hyderabad,North Indian,800.0,0,0,3.8,7151,2,Good,Premium,0
127,Restaurant_127,Hyderabad,South Indian,400.0,1,0,4.2,9493,3,Very Good,Mid Range,1
128,Restaurant_128,Chennai,North Indian,600.0,1,1,3.8,3236,1,Good,Mid Range,0
129,Restaurant_129,Pune,Fast Food,600.0,0,0,4.0,2352,2,Good,Mid Range,0
130,Restaurant_130,Pune,Mughlai,600.0,0,0,4.0,1932,4,Good,Mid Range,0
131,Restaurant_131,Hyderabad,Biryani,1000.0,0,1,3.5,8556,3,Average,Premium,1
132,Restaurant_132,Pune,North Indian,600.0,0,1,3.8,4916,2,Good,Mid Range,0
133,Restaurant_133,Bangalore,North Indian,800.0,1,0,3.8,5498,3,Good,Premium,0
134,Restaurant_134,Kolkata,South Indian,600.0,1,1,4.0,946,3,Good,Mid Range,0
135,Restaurant_135,Delhi,Mughlai,800.0,1,0,3.8,9569,3,Good,Premium,1
136,Restaurant_136,Lucknow,Chinese,1500.0,1,1,4.2,1439,2,Very Good,Luxury,0
137,Restaurant_137,Jaipur,North Indian,1000.0,1,1,3.5,7730,2,Average,Premium,1
138,Restaurant_138,Chennai,Fast Food,400.0,0,0,4.0,4857,2,Good,Mid Range,0
139,Restaurant_139,Kolkata,Pizza,600.0,1,1,3.5,340,2,Average,Mid Range,0
140,Restaurant_140,Hyderabad,Biryani,600.0,1,1,4.5,382,2,Very Good,Mid Range,0
141,Restaurant_141,Lucknow,North Indian,800.0,1,1,3.5,9748,1,Average,Premium,1
142,Restaurant_142,Pune,Fast Food,200.0,0,1,3.8,8491,3,Good,Budget,1
143,Restaurant_143,Jaipur,Fast Food,600.0,0,1,4.2,138,2,Very Good,Mid Range,0
144,Restaurant_144,Pune,Biryani,800.0,0,1,4.2,358,2,Very Good,Premium,0
145,Restaurant_145,Mumbai,Chinese,600.0,0,0,3.5,4931,3,Average,Mid Range,0
146,Restaurant_146,Mumbai,Fast Food,1000.0,1,0,4.2,9714,2,Very Good,Premium,1
147,Restaurant_147,Jaipur,Pizza,400.0,1,1,3.8,3456,1,Good,Mid Range,0
148,Restaurant_148,Jaipur,Fast Food,200.0,0,0,3.8,1627,3,Good,Budget,0
149,Restaurant_149,Hyderabad,Fast Food,1000.0,0,0,3.0,9495,1,Average,Premium,1
150,Restaurant_150,Jaipur,Fast Food,600.0,1,0,3.0,6626,3,Average,Mid Range,0
151,Restaurant_151,Bangalore,Chinese,800.0,1,1,4.0,5004,3,Good,Premium,0
152,Restaurant_152,Pune,North Indian,600.0,0,0,3.8,9326,2,Good,Mid Range,1
153,Restaurant_153,Kolkata,Fast Food,400.0,0,1,3.8,6652,3,Good,Mid Range,0
154,Restaurant_154,Ahmedabad,Mughlai,1000.0,0,0,4.0,6416,2,Good,Premium,0
155,Restaurant_155,Jaipur,North Indian,1000.0,0,1,4.2,3170,2,Very Good,Premium,0
156,Restaurant_156,Chennai,Chinese,800.0,1,1,3.5,3835,1,Average,Premium,0
157,Restaurant_157,Mumbai,Italian,600.0,1,0,4.0,8017,2,Good,Mid Range,1
158,Restaurant_158,Bangalore,North Indian,800.0,1,0,3.0,2151,4,Average,Premium,0
159,Restaurant_159,Lucknow,North Indian,600.0,0,1,4.2,9429,2,Very Good,Mid Range,1
160,Restaurant_160,Ahmedabad,Continental,200.0,0,0,4.0,6905,2,Good,Budget,0
161,Restaurant_161,Kolkata,South Indian,1500.0,1,0,4.5,2834,2,Very Good,Luxury,0
162,Restaurant_162,Ahmedabad,Continental,400.0,1,0,2.5,9190,2,Poor,Mid Range,1
163,Restaurant_163,Jaipur,Pizza,2000.0,1,1,2.5,2567,1,Poor,Luxury,0
164,Restaurant_164,Hyderabad,South Indian,600.0,1,1,3.5,1307,2,Average,Mid Range,0
165,Restaurant_165,Mumbai,Biryani,400.0,0,0,3.5,8848,3,Average,Mid Range,1
166,Restaurant_166,Mumbai,Biryani,800.0,1,0,3.5,2660,2,Average,Premium,0
167,Restaurant_167,Lucknow,Chinese,1500.0,1,0,4.5,3730,2,Very Good,Luxury,0
168,Restaurant_168,Hyderabad,South Indian,1000.0,1,1,3.5,6207,1,Average,Premium,0
169,Restaurant_169,Pune,North Indian,1000.0,1,1,3.5,3162,2,Average,Premium,0
170,Restaurant_170,Delhi,Biryani,800.0,1,0,4.2,1140,3,Very Good,Premium,0
171,Restaurant_171,Bangalore,Fast Food,800.0,1,0,3.8,8458,1,Good,Premium,1
172,Restaurant_172,Mumbai,Mughlai,1000.0,1,0,4.2,1708,1,Very Good,Premium,0
173,Restaurant_173,Chennai,North Indian,400.0,0,0,2.5,3630,2,Poor,Mid Range,0
174,Restaurant_174,Mumbai,Pizza,600.0,0,0,3.8,3211,3,Good,Mid Range,0
175,Restaurant_175,Ahmedabad,Fast Food,800.0,0,0,4.0,6538,3,Good,Premium,0
176,Restaurant_176,Mumbai,Fast Food,2000.0,0,1,2.5,9702,2,Poor,Luxury,1
177,Restaurant_177,Mumbai,South Indian,1500.0,1,0,4.5,475,3,Very Good,Luxury,0
178,Restaurant_178,Delhi,Chinese,800.0,0,1,3.0,7684,3,Average,Premium,1
179,Restaurant_179,Delhi,Pizza,1000.0,0,0,4.0,9168,3,Good,Premium,1
180,Restaurant_180,Kolkata,Biryani,1500.0,1,0,3.8,1207,3,Good,Luxury,0
181,Restaurant_181,Pune,South Indian,400.0,1,1,3.8,1960,2,Good,Mid Range,0
182,Restaurant_182,Chennai,Biryani,800.0,0,1,4.2,557,2,Very Good,Premium,0
183,Restaurant_183,Mumbai,South Indian,1500.0,0,1,4.0,882,1,Good,Luxury,0
184,Restaurant_184,Mumbai,South Indian,800.0,1,1,4.0,4761,2,Good,Premium,0
185,Restaurant_185,Bangalore,South Indian,800.0,0,0,4.5,5867,4,Very Good,Premium,0
186,Restaurant_186,Delhi,Chinese,600.0,1,1,4.0,6963,2,Good,Mid Range,0
187,Restaurant_187,Chennai,South Indian,1500.0,1,0,4.5,7166,2,Very Good,Luxury,0
188,Restaurant_188,Lucknow,Italian,2000.0,1,1,2.5,7929,3,Poor,Luxury,1
189,Restaurant_189,Kolkata,Mughlai,1500.0,1,0,3.8,5347,2,Good,Luxury,0
190,Restaurant_190,Pune,Biryani,600.0,0,0,3.5,7269,1,Average,Mid Range,0
191,Restaurant_191,Hyderabad,North Indian,1500.0,1,0,4.0,9802,2,Good,Luxury,1
192,Restaurant_192,Pune,Continental,1000.0,1,0,4.8,8125,2,Excellent,Premium,1
193,Restaurant_193,Ahmedabad,Pizza,600.0,0,0,3.5,2454,3,Average,Mid Range,0
194,Restaurant_194,Mumbai,Chinese,1000.0,1,0,4.0,4494,1,Good,Premium,0
195,Restaurant_195,Kolkata,North Indian,600.0,0,1,3.5,1946,2,Average,Mid Range,0
196,Restaurant_196,Ahmedabad,Fast Food,800.0,0,0,4.0,2808,2,Good,Premium,0
197,Restaurant_197,Chennai,Italian,400.0,0,1,3.8,6642,2,Good,Mid Range,0
198,Restaurant_198,Hyderabad,Continental,400.0,1,1,4.8,3825,3,Excellent,Mid Range,0
199,Restaurant_199,Delhi,North Indian,200.0,0,0,4.0,3536,2,Good,Budget,0
200,Restaurant_200,Kolkata,North Indian,800.0,0,1,3.8,6068,2,Good,Premium,0
201,Restaurant_201,Kolkata,Italian,600.0,1,0,3.0,3802,4,Average,Mid Range,0
202,Restaurant_202,Mumbai,Continental,1000.0,0,1,3.5,4699,3,Average,Premium,0
203,Restaurant_203,Jaipur,Fast Food,200.0,0,0,3.5,1970,1,Average,Budget,0
204,Restaurant_204,Kolkata,South Indian,600.0,0,1,3.5,5806,2,Average,Mid Range,0
205,Restaurant_205,Bangalore,Biryani,800.0,0,0,4.2,6142,3,Very Good,Premium,0
206,Restaurant_206,Hyderabad,Fast Food,1000.0,0,0,4.0,2819,3,Good,Premium,0
207,Restaurant_207,Hyderabad,South Indian,600.0,1,0,4.0,9094,1,Good,Mid Range,1
208,Restaurant_208,Bangalore,Chinese,800.0,0,0,3.0,364,4,Average,Premium,0
209,Restaurant_209,Lucknow,Mughlai,1500.0,0,1,4.2,4258,2,Very Good,Luxury,0
210,Restaurant_210,Bangalore,Pizza,800.0,1,0,4.0,3119,1,Good,Premium,0
211,Restaurant_211,Bangalore,Pizza,400.0,1,1,2.5,1863,1,Poor,Mid Range,0
212,Restaurant_212,Hyderabad,Biryani,600.0,1,1,4.0,115,1,Good,Mid Range,0
213,Restaurant_213,Pune,Continental,1500.0,0,1,4.0,7084,3,Good,Luxury,0
214,Restaurant_214,Hyderabad,Italian,600.0,1,0,3.0,8016,1,Average,Mid Range,1
215,Restaurant_215,Jaipur,Continental,1500.0,0,1,3.8,2384,1,Good,Luxury,0
216,Restaurant_216,Mumbai,Italian,800.0,0,1,3.8,3935,3,Good,Premium,0
217,Restaurant_217,Ahmedabad,Continental,1500.0,1,1,3.5,7742,2,Average,Luxury,1
218,Restaurant_218,Pune,Mughlai,1000.0,1,0,4.5,5442,1,Very Good,Premium,0
219,Restaurant_219,Delhi,Chinese,2000.0,0,0,4.2,2490,1,Very Good,Luxury,0
220,Restaurant_220,Ahmedabad,Chinese,600.0,1,1,4.0,6980,1,Good,Mid Range,0
221,Restaurant_221,Mumbai,South Indian,1000.0,0,0,3.8,9134,2,Good,Premium,1
222,Restaurant_222,Jaipur,Chinese,600.0,1,0,3.8,7661,3,Good,Mid Range,1
223,Restaurant_223,Jaipur,Chinese,600.0,1,1,4.0,1724,1,Good,Mid Range,0
224,Restaurant_224,Delhi,Fast Food,800.0,1,1,4.0,8182,1,Good,Premium,1
225,Restaurant_225,Pune,Fast Food,1500.0,0,0,2.5,2767,3,Poor,Luxury,0
226,Restaurant_226,Lucknow,South Indian,2000.0,1,1,4.0,1137,3,Good,Luxury,0
227,Restaurant_227,Bangalore,Biryani,1000.0,0,0,4.2,4117,2,Very Good,Premium,0
228,Restaurant_228,Pune,Fast Food,600.0,0,0,3.8,3420,2,Good,Mid Range,0
229,Restaurant_229,Lucknow,Biryani,600.0,0,0,2.5,5845,2,Poor,Mid Range,0
230,Restaurant_230,Jaipur,North Indian,1000.0,0,0,4.2,4778,2,Very Good,Premium,0
231,Restaurant_231,Hyderabad,Fast Food,400.0,1,0,3.5,3906,2,Average,Mid Range,0
232,Restaurant_232,Mumbai,Mughlai,400.0,0,0,3.5,3637,2,Average,Mid Range,0
233,Restaurant_233,Delhi,South Indian,600.0,0,1,3.5,2953,4,Average,Mid Range,0
234,Restaurant_234,Mumbai,North Indian,600.0,1,1,3.8,5929,1,Good,Mid Range,0
235,Restaurant_235,Chennai,Mughlai,600.0,0,0,4.2,276,3,Very Good,Mid Range,0
236,Restaurant_236,Chennai,Mughlai,400.0,1,0,4.0,1999,1,Good,Mid Range,0
237,Restaurant_237,Pune,Mughlai,800.0,0,0,3.5,1227,3,Average,Premium,0
238,Restaurant_238,Jaipur,Biryani,600.0,1,1,4.2,6337,3,Very Good,Mid Range,0
239,Restaurant_239,Jaipur,Continental,600.0,0,0,4.2,3735,3,Very Good,Mid Range,0
240,Restaurant_240,Bangalore,North Indian,600.0,1,1,4.2,695,1,Very Good,Mid Range,0
241,Restaurant_241,Bangalore,Italian,600.0,0,0,3.5,9501,2,Average,Mid Range,1
242,Restaurant_242,Bangalore,North Indian,800.0,0,0,3.8,4152,2,Good,Premium,0
243,Restaurant_243,Hyderabad,Continental,400.0,1,1,4.8,7901,3,Excellent,Mid Range,1
244,Restaurant_244,Ahmedabad,North Indian,1500.0,1,1,4.2,7470,2,Very Good,Luxury,1
245,Restaurant_245,Kolkata,Chinese,1000.0,1,0,4.0,7537,2,Good,Premium,1
246,Restaurant_246,Ahmedabad,Italian,800.0,1,0,2.5,2841,2,Poor,Premium,0
247,Restaurant_247,Mumbai,Continental,600.0,0,0,3.8,4208,2,Good,Mid Range,0
248,Restaurant_248,Ahmedabad,Biryani,1500.0,0,1,4.5,8733,2,Very Good,Luxury,1
249,Restaurant_249,Hyderabad,Pizza,1500.0,1,1,4.0,1088,1,Good,Luxury,0
250,Restaurant_250,Mumbai,Continental,600.0,0,1,3.8,3363,4,Good,Mid Range,0
251,Restaurant_251,Ahmedabad,South Indian,800.0,1,1,3.0,24,3,Average,Premium,0
252,Restaurant_252,Hyderabad,Continental,400.0,1,1,4.0,9764,4,Good,Mid Range,1
253,Restaurant_253,Kolkata,Chinese,2000.0,0,1,4.2,6144,2,Very Good,Luxury,0
254,Restaurant_254,Ahmedabad,Pizza,400.0,0,0,3.8,5668,3,Good,Mid Range,0
255,Restaurant_255,Hyderabad,Chinese,1500.0,0,0,4.2,4236,3,Very Good,Luxury,0
256,Restaurant_256,Bangalore,Pizza,800.0,0,1,4.5,9959,3,Very Good,Premium,1
257,Restaurant_257,Jaipur,South Indian,800.0,0,0,3.5,8068,3,Average,Premium,1
258,Restaurant_258,Bangalore,Biryani,800.0,0,0,4.0,2235,2,Good,Premium,0
259,Restaurant_259,Jaipur,Chinese,400.0,0,1,3.5,7295,3,Average,Mid Range,0
260,Restaurant_260,Delhi,Chinese,400.0,1,0,4.2,8392,2,Very Good,Mid Range,1
261,Restaurant_261,Delhi,Mughlai,400.0,1,1,4.0,8448,1,Good,Mid Range,1
262,Restaurant_262,Delhi,Pizza,400.0,1,1,4.0,3747,2,Good,Mid Range,0
263,Restaurant_263,Kolkata,Fast Food,1000.0,1,0,4.2,3175,4,Very Good,Premium,0
264,Restaurant_264,Bangalore,Pizza,600.0,1,1,3.8,4897,3,Good,Mid Range,0
265,Restaurant_265,Jaipur,Mughlai,200.0,0,1,4.5,5037,4,Very Good,Budget,0
266,Restaurant_266,Hyderabad,North Indian,2000.0,1,1,4.0,7427,3,Good,Luxury,1
267,Restaurant_267,Mumbai,Pizza,1500.0,1,1,3.5,8605,2,Average,Luxury,1
268,Restaurant_268,Hyderabad,Biryani,1500.0,1,1,4.0,2014,1,Good,Luxury,0
269,Restaurant_269,Mumbai,Mughlai,2000.0,1,1,4.2,1381,1,Very Good,Luxury,0
270,Restaurant_270,Chennai,North Indian,400.0,1,1,3.8,1098,1,Good,Mid Range,0
271,Restaurant_271,Hyderabad,Italian,600.0,1,1,4.2,3426,2,Very Good,Mid Range,0
272,Restaurant_272,Ahmedabad,Mughlai,1000.0,1,0,4.5,3655,1,Very Good,Premium,0
273,Restaurant_273,Ahmedabad,Italian,800.0,0,0,3.5,7938,2,Average,Premium,1
274,Restaurant_274,Pune,Chinese,400.0,0,0,4.8,9101,4,Excellent,Mid Range,1
275,Restaurant_275,Bangalore,Mughlai,1000.0,1,1,3.0,187,2,Average,Premium,0
276,Restaurant_276,Mumbai,South Indian,400.0,0,1,3.5,5409,3,Average,Mid Range,0
277,Restaurant_277,Mumbai,Italian,400.0,0,0,3.5,2092,3,Average,Mid Range,0
278,Restaurant_278,Bangalore,Biryani,800.0,0,0,4.2,2130,2,Very Good,Premium,0
279,Restaurant_279,Kolkata,South Indian,800.0,0,0,4.0,5242,2,Good,Premium,0
280,Restaurant_280,Pune,Continental,800.0,1,1,3.5,8549,1,Average,Premium,1
281,Restaurant_281,Kolkata,Continental,200.0,0,0,3.8,5647,2,Good,Budget,0
282,Restaurant_282,Mumbai,North Indian,1500.0,0,0,3.8,5185,3,Good,Luxury,0
283,Restaurant_283,Kolkata,Chinese,600.0,0,1,3.0,5776,1,Average,Mid Range,0
284,Restaurant_284,Bangalore,Mughlai,400.0,1,0,4.2,7913,2,Very Good,Mid Range,1
285,Restaurant_285,Kolkata,Fast Food,1500.0,1,1,4.2,7547,2,Very Good,Luxury,1
286,Restaurant_286,Ahmedabad,Biryani,2000.0,1,1,4.0,7823,4,Good,Luxury,1
287,Restaurant_287,Delhi,Italian,1500.0,1,1,4.5,7355,3,Very Good,Luxury,0
288,Restaurant_288,Chennai,South Indian,1000.0,1,0,3.8,6465,3,Good,Premium,0
289,Restaurant_289,Mumbai,Continental,800.0,1,0,4.8,1497,1,Excellent,Premium,0
290,Restaurant_290,Mumbai,Biryani,800.0,1,1,4.0,2555,3,Good,Premium,0
291,Restaurant_291,Chennai,Fast Food,200.0,0,0,4.0,5409,3,Good,Budget,0
292,Restaurant_292,Bangalore,Mughlai,600.0,0,0,3.5,2951,3,Average,Mid Range,0
293,Restaurant_293,Hyderabad,North Indian,600.0,0,0,4.2,1238,4,Very Good,Mid Range,0
294,Restaurant_294,Bangalore,Fast Food,600.0,1,0,3.8,9165,2,Good,Mid Range,1
295,Restaurant_295,Mumbai,Biryani,1000.0,1,1,4.0,4727,4,Good,Premium,0
296,Restaurant_296,Mumbai,Fast Food,600.0,1,0,4.0,3965,4,Good,Mid Range,0
297,Restaurant_297,Chennai,Biryani,200.0,1,1,4.0,5686,1,Good,Budget,0
298,Restaurant_298,Kolkata,Biryani,400.0,1,1,4.0,9242,2,Good,Mid Range,1
299,Restaurant_299,Bangalore,Pizza,800.0,0,0,4.0,3701,4,Good,Premium,0
300,Restaurant_300,Jaipur,Italian,200.0,0,1,4.2,2780,1,Very Good,Budget,0
301,Restaurant_301,Chennai,Continental,1500.0,1,0,2.5,7398,2,Poor,Luxury,1
302,Restaurant_302,Ahmedabad,Pizza,600.0,1,0,4.0,1588,4,Good,Mid Range,0
303,Restaurant_303,Mumbai,Mughlai,600.0,1,1,3.5,2368,2,Average,Mid Range,0
304,Restaurant_304,Chennai,Pizza,800.0,1,1,4.2,5789,1,Very Good,Premium,0
305,Restaurant_305,Bangalore,Chinese,1000.0,0,1,4.2,436,2,Very Good,Premium,0
306,Restaurant_306,Mumbai,Chinese,600.0,1,1,4.0,2828,2,Good,Mid Range,0
307,Restaurant_307,Hyderabad,Continental,800.0,1,0,4.0,1556,2,Good,Premium,0
308,Restaurant_308,Chennai,Fast Food,800.0,1,0,3.8,7570,1,Good,Premium,1
309,Restaurant_309,Pune,Italian,600.0,1,0,3.8,7480,3,Good,Mid Range,1
310,Restaurant_310,Mumbai,Continental,1500.0,0,1,4.2,9496,2,Very Good,Luxury,1
311,Restaurant_311,Bangalore,Biryani,1000.0,1,1,3.8,182,3,Good,Premium,0
312,Restaurant_312,Delhi,South Indian,800.0,1,1,3.8,7190,3,Good,Premium,0
313,Restaurant_313,Jaipur,Italian,1500.0,0,0,3.8,6687,2,Good,Luxury,0
314,Restaurant_314,Lucknow,Italian,1500.0,0,1,4.2,5565,3,Very Good,Luxury,0
315,Restaurant_315,Kolkata,Biryani,1000.0,0,0,3.8,7241,1,Good,Premium,0
316,Restaurant_316,Lucknow,Biryani,1000.0,1,1,3.5,7651,2,Average,Premium,1
317,Restaurant_317,Bangalore,North Indian,800.0,1,0,3.8,5575,1,Good,Premium,0
318,Restaurant_318,Ahmedabad,Continental,800.0,0,0,4.2,1589,4,Very Good,Premium,0
319,Restaurant_319,Ahmedabad,Biryani,800.0,0,1,3.0,9779,1,Average,Premium,1
320,Restaurant_320,Delhi,Chinese,1000.0,0,1,4.0,8851,2,Good,Premium,1
321,Restaurant_321,Kolkata,Mughlai,400.0,0,0,3.0,159,3,Average,Mid Range,0
322,Restaurant_322,Pune,South Indian,1500.0,0,0,3.8,6555,2,Good,Luxury,0
323,Restaurant_323,Delhi,Continental,1500.0,0,1,3.8,9203,1,Good,Luxury,1
324,Restaurant_324,Lucknow,Chinese,800.0,1,1,4.0,8244,2,Good,Premium,1
325,Restaurant_325,Mumbai,Fast Food,1000.0,1,0,4.0,6846,3,Good,Premium,0
326,Restaurant_326,Lucknow,Biryani,400.0,1,1,4.0,2307,3,Good,Mid Range,0
327,Restaurant_327,Mumbai,Biryani,600.0,0,0,3.8,1228,2,Good,Mid Range,0
328,Restaurant_328,Ahmedabad,Italian,1000.0,0,0,4.2,7226,2,Very Good,Premium,0
329,Restaurant_329,Mumbai,Chinese,400.0,0,1,3.8,5590,2,Good,Mid Range,0
330,Restaurant_330,Jaipur,Italian,600.0,0,1,4.8,6919,3,Excellent,Mid Range,0
331,Restaurant_331,Kolkata,North Indian,1000.0,0,1,4.0,5585,2,Good,Premium,0
332,Restaurant_332,Pune,Italian,800.0,0,1,3.0,9227,2,Average,Premium,1
333,Restaurant_333,Lucknow,North Indian,800.0,1,1,4.0,6046,2,Good,Premium,0
334,Restaurant_334,Pune,North Indian,600.0,1,0,3.8,4945,1,Good,Mid Range,0
335,Restaurant_335,Lucknow,Biryani,800.0,0,0,4.0,7927,1,Good,Premium,1
336,Restaurant_336,Bangalore,Fast Food,2000.0,1,1,2.5,7016,1,Poor,Luxury,0
337,Restaurant_337,Delhi,Italian,800.0,0,1,3.5,7758,2,Average,Premium,1
338,Restaurant_338,Jaipur,Chinese,600.0,1,1,4.2,5086,3,Very Good,Mid Range,0
339,Restaurant_339,Ahmedabad,North Indian,800.0,0,0,3.5,9456,2,Average,Premium,1
340,Restaurant_340,Lucknow,Biryani,800.0,0,1,4.2,7161,4,Very Good,Premium,0
341,Restaurant_341,Pune,South Indian,1000.0,1,1,3.5,1884,1,Average,Premium,0
342,Restaurant_342,Jaipur,Continental,400.0,1,0,4.0,1809,3,Good,Mid Range,0
343,Restaurant_343,Hyderabad,Fast Food,1000.0,0,0,4.0,3167,3,Good,Premium,0
344,Restaurant_344,Hyderabad,Pizza,800.0,0,1,4.0,6352,2,Good,Premium,0
345,Restaurant_345,Mumbai,South Indian,2000.0,1,1,3.8,9009,1,Good,Luxury,1
346,Restaurant_346,Ahmedabad,Continental,600.0,1,1,3.5,6056,3,Average,Mid Range,0
347,Restaurant_347,Bangalore,South Indian,800.0,0,0,4.0,2437,2,Good,Premium,0
348,Restaurant_348,Pune,Italian,1500.0,1,1,3.8,6468,4,Good,Luxury,0
349,Restaurant_349,Delhi,North Indian,400.0,0,1,4.0,9080,2,Good,Mid Range,1
350,Restaurant_350,Delhi,Fast Food,1500.0,0,1,4.5,5951,4,Very Good,Luxury,0
351,Restaurant_351,Pune,Mughlai,800.0,0,0,4.2,5276,2,Very Good,Premium,0
352,Restaurant_352,Kolkata,North Indian,200.0,0,0,4.2,8859,3,Very Good,Budget,1
353,Restaurant_353,Bangalore,Mughlai,600.0,1,1,4.2,7818,3,Very Good,Mid Range,1
354,Restaurant_354,Jaipur,Continental,600.0,1,1,4.0,4728,3,Good,Mid Range,0
355,Restaurant_355,Lucknow,Biryani,200.0,1,0,3.5,2624,2,Average,Budget,0
356,Restaurant_356,Kolkata,Pizza,800.0,1,0,4.5,5738,3,Very Good,Premium,0
357,Restaurant_357,Lucknow,Chinese,600.0,1,0,4.0,4232,2,Good,Mid Range,0
358,Restaurant_358,Lucknow,North Indian,800.0,1,0,4.0,5793,3,Good,Premium,0
359,Restaurant_359,Kolkata,Fast Food,600.0,1,0,3.0,4523,2,Average,Mid Range,0
360,Restaurant_360,Mumbai,South Indian,1500.0,0,0,3.8,5571,3,Good,Luxury,0
361,Restaurant_361,Hyderabad,Fast Food,2000.0,1,0,3.8,9010,1,Good,Luxury,1
362,Restaurant_362,Lucknow,Continental,2000.0,1,0,4.2,9298,3,Very Good,Luxury,1
363,Restaurant_363,Kolkata,Mughlai,1000.0,0,0,4.0,2224,3,Good,Premium,0
364,Restaurant_364,Kolkata,South Indian,400.0,1,1,3.8,8389,3,Good,Mid Range,1
365,Restaurant_365,Chennai,Chinese,1000.0,1,1,4.8,6091,2,Excellent,Premium,0
366,Restaurant_366,Mumbai,Chinese,800.0,0,1,3.0,8662,2,Average,Premium,1
367,Restaurant_367,Ahmedabad,North Indian,800.0,1,0,3.8,6361,4,Good,Premium,0
368,Restaurant_368,Chennai,Continental,600.0,1,1,4.0,1948,2,Good,Mid Range,0
369,Restaurant_369,Chennai,Biryani,600.0,1,0,4.0,7094,2,Good,Mid Range,0
370,Restaurant_370,Pune,Continental,1000.0,0,0,4.5,6318,3,Very Good,Premium,0
371,Restaurant_371,Hyderabad,Mughlai,800.0,1,1,3.5,3796,3,Average,Premium,0
372,Restaurant_372,Kolkata,Fast Food,600.0,1,0,4.2,234,2,Very Good,Mid Range,0
373,Restaurant_373,Hyderabad,Chinese,600.0,0,1,3.5,9120,3,Average,Mid Range,1
374,Restaurant_374,Bangalore,Fast Food,2000.0,1,1,4.5,3607,3,Very Good,Luxury,0
375,Restaurant_375,Pune,Fast Food,600.0,0,1,4.2,8043,1,Very Good,Mid Range,1
376,Restaurant_376,Ahmedabad,Fast Food,600.0,0,0,4.2,522,4,Very Good,Mid Range,0
377,Restaurant_377,Hyderabad,Chinese,400.0,1,1,4.0,5904,1,Good,Mid Range,0
378,Restaurant_378,Delhi,Italian,1000.0,0,0,4.5,4888,2,Very Good,Premium,0
379,Restaurant_379,Lucknow,Mughlai,800.0,0,1,4.0,9821,1,Good,Premium,1
380,Restaurant_380,Bangalore,Mughlai,400.0,1,1,3.8,5832,1,Good,Mid Range,0
381,Restaurant_381,Mumbai,South Indian,200.0,0,1,4.2,7122,4,Very Good,Budget,0
382,Restaurant_382,Ahmedabad,Continental,800.0,0,0,3.5,5842,2,Average,Premium,0
383,Restaurant_383,Bangalore,Continental,800.0,1,0,4.2,1316,2,Very Good,Premium,0
384,Restaurant_384,Lucknow,Pizza,600.0,1,0,3.0,1124,2,Average,Mid Range,0
385,Restaurant_385,Pune,Continental,800.0,1,1,4.0,5621,2,Good,Premium,0
386,Restaurant_386,Lucknow,Chinese,400.0,0,1,4.0,5423,2,Good,Mid Range,0
387,Restaurant_387,Chennai,Biryani,600.0,1,0,3.0,2587,2,Average,Mid Range,0
388,Restaurant_388,Lucknow,North Indian,1500.0,0,0,3.5,9215,2,Average,Luxury,1
389,Restaurant_389,Chennai,Pizza,600.0,0,0,4.0,5672,3,Good,Mid Range,0
390,Restaurant_390,Pune,North Indian,800.0,0,0,3.8,1378,2,Good,Premium,0
391,Restaurant_391,Jaipur,Mughlai,600.0,0,0,3.8,3374,2,Good,Mid Range,0
392,Restaurant_392,Chennai,North Indian,600.0,0,0,4.0,1519,2,Good,Mid Range,0
393,Restaurant_393,Mumbai,North Indian,2000.0,0,1,3.5,5777,3,Average,Luxury,0
394,Restaurant_394,Lucknow,Pizza,600.0,0,0,3.5,7935,2,Average,Mid Range,1
395,Restaurant_395,Lucknow,South Indian,1500.0,1,1,4.0,6093,2,Good,Luxury,0
396,Restaurant_396,Mumbai,Fast Food,400.0,1,1,4.0,8418,2,Good,Mid Range,1
397,Restaurant_397,Delhi,Continental,400.0,0,0,4.5,5355,4,Very Good,Mid Range,0
398,Restaurant_398,Kolkata,Continental,600.0,0,0,4.2,4968,2,Very Good,Mid Range,0
399,Restaurant_399,Jaipur,Chinese,800.0,1,1,4.0,9083,3,Good,Premium,1
400,Restaurant_400,Ahmedabad,Pizza,600.0,0,0,4.0,5574,2,Good,Mid Range,0
401,Restaurant_401,Chennai,Chinese,1500.0,1,0,4.2,4072,2,Very Good,Luxury,0
402,Restaurant_402,Mumbai,Biryani,600.0,1,1,3.5,2257,3,Average,Mid Range,0
403,Restaurant_403,Pune,Biryani,2000.0,1,1,2.5,8588,2,Poor,Luxury,1
404,Restaurant_404,Chennai,Chinese,400.0,0,1,3.5,4424,3,Average,Mid Range,0
405,Restaurant_405,Kolkata,Pizza,1500.0,0,0,4.2,3237,4,Very Good,Luxury,0
406,Restaurant_406,Pune,Chinese,1000.0,1,1,4.0,3893,3,Good,Premium,0
407,Restaurant_407,Bangalore,Continental,1000.0,1,0,4.0,2005,1,Good,Premium,0
408,Restaurant_408,Lucknow,Italian,1000.0,1,1,4.8,2016,3,Excellent,Premium,0
409,Restaurant_409,Bangalore,North Indian,1000.0,1,1,4.2,9388,2,Very Good,Premium,1
410,Restaurant_410,Chennai,Italian,800.0,1,1,4.0,1772,3,Good,Premium,0
411,Restaurant_411,Kolkata,Pizza,400.0,0,0,2.5,8353,3,Poor,Mid Range,1
412,Restaurant_412,Jaipur,Italian,600.0,1,0,4.2,3976,3,Very Good,Mid Range,0
413,Restaurant_413,Chennai,Biryani,600.0,0,1,4.0,1751,2,Good,Mid Range,0
414,Restaurant_414,Mumbai,Mughlai,800.0,1,1,3.0,8967,2,Average,Premium,1
415,Restaurant_415,Hyderabad,North Indian,1000.0,0,1,3.0,7430,1,Average,Premium,1
416,Restaurant_416,Chennai,Fast Food,600.0,0,0,4.5,7170,3,Very Good,Mid Range,0
417,Restaurant_417,Lucknow,Pizza,400.0,0,1,4.0,6469,2,Good,Mid Range,0
418,Restaurant_418,Lucknow,North Indian,800.0,0,0,4.2,9131,2,Very Good,Premium,1
419,Restaurant_419,Chennai,Italian,800.0,0,1,4.2,3220,3,Very Good,Premium,0
420,Restaurant_420,Pune,Biryani,600.0,0,1,4.0,539,2,Good,Mid Range,0
421,Restaurant_421,Hyderabad,South Indian,400.0,1,1,4.0,1461,2,Good,Mid Range,0
422,Restaurant_422,Mumbai,Fast Food,600.0,0,1,3.8,5184,2,Good,Mid Range,0
423,Restaurant_423,Chennai,North Indian,200.0,1,1,3.8,8547,2,Good,Budget,1
424,Restaurant_424,Pune,Biryani,800.0,0,1,3.8,234,2,Good,Premium,0
425,Restaurant_425,Lucknow,Biryani,600.0,0,0,4.2,1548,1,Very Good,Mid Range,0
426,Restaurant_426,Lucknow,Italian,1000.0,1,1,4.0,7480,2,Good,Premium,1
427,Restaurant_427,Kolkata,Continental,600.0,0,0,4.2,4213,2,Very Good,Mid Range,0
428,Restaurant_428,Chennai,Italian,600.0,1,1,3.8,1673,3,Good,Mid Range,0
429,Restaurant_429,Hyderabad,Continental,600.0,1,1,4.0,6708,1,Good,Mid Range,0
430,Restaurant_430,Delhi,Continental,200.0,1,0,4.0,7982,2,Good,Budget,1
431,Restaurant_431,Hyderabad,Fast Food,600.0,1,1,4.0,2100,4,Good,Mid Range,0
432,Restaurant_432,Lucknow,Italian,800.0,0,0,4.0,3748,1,Good,Premium,0
433,Restaurant_433,Lucknow,South Indian,800.0,0,0,4.0,3173,2,Good,Premium,0
434,Restaurant_434,Bangalore,Chinese,800.0,1,1,4.0,1815,3,Good,Premium,0
435,Restaurant_435,Lucknow,Chinese,800.0,0,0,3.0,3841,4,Average,Premium,0
436,Restaurant_436,Mumbai,Italian,1500.0,0,0,3.8,8016,3,Good,Luxury,1
437,Restaurant_437,Ahmedabad,Italian,1000.0,1,1,3.8,7011,3,Good,Premium,0
438,Restaurant_438,Chennai,Fast Food,600.0,0,0,4.0,4493,3,Good,Mid Range,0
439,Restaurant_439,Hyderabad,Italian,600.0,1,1,4.5,674,2,Very Good,Mid Range,0
440,Restaurant_440,Ahmedabad,Continental,400.0,1,1,4.0,8088,3,Good,Mid Range,1
441,Restaurant_441,Pune,Biryani,400.0,0,1,4.0,8578,1,Good,Mid Range,1
442,Restaurant_442,Delhi,Biryani,2000.0,0,1,4.0,2158,4,Good,Luxury,0
443,Restaurant_443,Mumbai,Continental,400.0,0,0,4.0,2661,2,Good,Mid Range,0
444,Restaurant_444,Hyderabad,Pizza,600.0,1,1,2.5,2064,2,Poor,Mid Range,0
445,Restaurant_445,Ahmedabad,Continental,800.0,1,1,3.5,3253,2,Average,Premium,0
446,Restaurant_446,Delhi,South Indian,1000.0,0,0,3.8,4979,3,Good,Premium,0
447,Restaurant_447,Bangalore,Mughlai,800.0,0,1,3.8,7703,1,Good,Premium,1
448,Restaurant_448,Mumbai,North Indian,800.0,0,1,3.8,8931,3,Good,Premium,1
449,Restaurant_449,Mumbai,Continental,800.0,0,0,3.0,1401,3,Average,Premium,0
450,Restaurant_450,Bangalore,Italian,800.0,1,0,3.5,3259,2,Average,Premium,0
451,Restaurant_451,Chennai,Italian,200.0,0,0,4.8,3923,3,Excellent,Budget,0
452,Restaurant_452,Bangalore,Fast Food,600.0,1,0,3.8,4214,3,Good,Mid Range,0
453,Restaurant_453,Mumbai,Continental,800.0,1,0,3.8,3227,3,Good,Premium,0
454,Restaurant_454,Mumbai,Fast Food,200.0,0,0,3.5,2745,2,Average,Budget,0
455,Restaurant_455,Ahmedabad,Continental,600.0,0,0,4.0,6091,2,Good,Mid Range,0
456,Restaurant_456,Lucknow,North Indian,400.0,0,1,3.5,3866,2,Average,Mid Range,0
457,Restaurant_457,Delhi,Mughlai,800.0,1,0,3.5,5818,2,Average,Premium,0
458,Restaurant_458,Bangalore,Biryani,800.0,0,0,4.0,2222,4,Good,Premium,0
459,Restaurant_459,Delhi,Chinese,1000.0,0,0,4.0,2792,1,Good,Premium,0
460,Restaurant_460,Bangalore,Continental,400.0,1,1,4.0,9889,3,Good,Mid Range,1
461,Restaurant_461,Pune,Mughlai,400.0,0,1,3.5,4063,2,Average,Mid Range,0
462,Restaurant_462,Mumbai,Biryani,400.0,1,0,4.0,1524,2,Good,Mid Range,0
463,Restaurant_463,Lucknow,Pizza,800.0,0,0,3.0,8224,3,Average,Premium,1
464,Restaurant_464,Ahmedabad,North Indian,1000.0,1,0,3.8,6198,3,Good,Premium,0
465,Restaurant_465,Lucknow,Fast Food,800.0,0,1,4.2,4025,2,Very Good,Premium,0
466,Restaurant_466,Lucknow,Fast Food,1500.0,0,1,4.0,2566,2,Good,Luxury,0
467,Restaurant_467,Lucknow,Italian,200.0,1,0,4.0,2803,2,Good,Budget,0
468,Restaurant_468,Delhi,Biryani,800.0,1,1,3.5,3709,1,Average,Premium,0
469,Restaurant_469,Bangalore,Pizza,1000.0,0,0,4.5,6155,2,Very Good,Premium,0
470,Restaurant_470,Jaipur,Mughlai,1500.0,1,1,3.8,719,2,Good,Luxury,0
471,Restaurant_471,Pune,North Indian,1000.0,1,1,3.0,6516,2,Average,Premium,0
472,Restaurant_472,Hyderabad,Biryani,1000.0,1,0,4.0,4579,3,Good,Premium,0
473,Restaurant_473,Lucknow,Pizza,600.0,1,0,3.0,972,2,Average,Mid Range,0
474,Restaurant_474,Chennai,Chinese,1000.0,0,0,3.8,3718,2,Good,Premium,0
475,Restaurant_475,Delhi,Continental,200.0,0,0,4.0,7395,2,Good,Budget,1
476,Restaurant_476,Ahmedabad,Fast Food,1500.0,1,1,4.2,4402,3,Very Good,Luxury,0
477,Restaurant_477,Hyderabad,Mughlai,800.0,1,1,3.8,4552,3,Good,Premium,0
478,Restaurant_478,Jaipur,Fast Food,1000.0,1,1,4.0,2207,2,Good,Premium,0
479,Restaurant_479,Chennai,Mughlai,600.0,1,0,4.8,4426,3,Excellent,Mid Range,0
480,Restaurant_480,Jaipur,Italian,800.0,0,1,3.0,6919,2,Average,Premium,0
481,Restaurant_481,Hyderabad,Mughlai,600.0,0,0,3.5,8835,2,Average,Mid Range,1
482,Restaurant_482,Lucknow,Fast Food,1000.0,1,1,3.8,8386,2,Good,Premium,1
483,Restaurant_483,Chennai,Mughlai,200.0,1,0,3.8,8680,2,Good,Budget,1
484,Restaurant_484,Jaipur,Chinese,200.0,1,0,3.8,2204,3,Good,Budget,0
485,Restaurant_485,Ahmedabad,Italian,400.0,0,1,4.5,5345,3,Very Good,Mid Range,0
486,Restaurant_486,Bangalore,Mughlai,400.0,1,0,4.0,3276,1,Good,Mid Range,0
487,Restaurant_487,Mumbai,Biryani,1500.0,0,0,4.0,1102,3,Good,Luxury,0
488,Restaurant_488,Bangalore,South Indian,400.0,1,1,3.8,5243,2,Good,Mid Range,0
489,Restaurant_489,Hyderabad,Pizza,2000.0,0,0,4.2,6614,1,Very Good,Luxury,0
490,Restaurant_490,Delhi,South Indian,800.0,1,0,4.5,9433,2,Very Good,Premium,1
491,Restaurant_491,Mumbai,South Indian,400.0,0,0,4.2,8707,2,Very Good,Mid Range,1
492,Restaurant_492,Pune,North Indian,1000.0,1,1,3.8,5223,1,Good,Premium,0
493,Restaurant_493,Ahmedabad,Chinese,800.0,1,1,4.0,8584,2,Good,Premium,1
494,Restaurant_494,Pune,Biryani,600.0,1,0,2.5,630,2,Poor,Mid Range,0
495,Restaurant_495,Chennai,Continental,800.0,0,1,3.5,9171,2,Average,Premium,1
496,Restaurant_496,Mumbai,Mughlai,1000.0,1,0,2.5,6683,3,Poor,Premium,0
497,Restaurant_497,Pune,Pizza,400.0,0,0,4.0,277,2,Good,Mid Range,0
498,Restaurant_498,Pune,Italian,2000.0,0,0,4.0,232,4,Good,Luxury,0
499,Restaurant_499,Jaipur,Biryani,600.0,1,0,3.0,9744,2,Average,Mid Range,1
500,Restaurant_500,Bangalore,Fast Food,800.0,1,0,3.8,5690,3,Good,Premium,0
